picture,text
![屏幕截图 2025-06-18 211917.png](https://img.picui.cn/free/2025/06/18/6852bd123d252.png),
![屏幕截图 2025-06-18 213940.png](https://img.picui.cn/free/2025/06/18/6852c1b845a58.png),
![屏幕截图 2025-06-18 214121.png](https://img.picui.cn/free/2025/06/18/6852c21052d56.png),
![屏幕截图 2025-06-18 214731.png](https://img.picui.cn/free/2025/06/18/6852c37b0af6a.png),
![屏幕截图 2025-06-18 215028.png](https://img.picui.cn/free/2025/06/18/6852c43c90605.png),
![屏幕截图 2025-06-18 220017.png](https://img.picui.cn/free/2025/06/18/6852c67c24b27.png),
![屏幕截图 2025-06-18 220602.png](https://img.picui.cn/free/2025/06/18/6852c7dba0895.png),
![屏幕截图 2025-06-18 221018.png](https://img.picui.cn/free/2025/06/18/6852c8db4862d.png),
![屏幕截图 2025-06-18 222341.png](https://img.picui.cn/free/2025/06/18/6852cbf5554ac.png),
![屏幕截图 2025-06-18 222412.png](https://img.picui.cn/free/2025/06/18/6852cc270a3b4.png),
![屏幕截图 2025-06-19 110533.png](https://img.picui.cn/free/2025/06/19/6853852de7f96.png),